{"cameraMode":{"drawMode":0,"name":"Shaded","section":"Shading Mode"},"sceneLighting":true,"audioPlay":false,"sceneViewState":{"showFog":true,"showMaterialUpdate":false,"showSkybox":true,"showFlares":true,"showImageEffects":true,"showParticleSystems":true,"showVisualEffectGraphs":true,"m_FxEnabled":true},"in2DMode":false,"pivot":{"x":1.7729789018630982,"y":11.901429176330567,"z":-4.475004196166992},"rotation":{"x":0.08236249536275864,"y":-0.02969696931540966,"z":0.002684865379706025,"w":0.9973739385604858},"size":14.98004150390625,"orthographic":true}