{"cameraMode":{"drawMode":0,"name":"Shaded","section":"Shading Mode"},"sceneLighting":true,"audioPlay":false,"sceneViewState":{"showFog":true,"showMaterialUpdate":false,"showSkybox":true,"showFlares":true,"showImageEffects":true,"showParticleSystems":true,"showVisualEffectGraphs":true,"m_FxEnabled":true},"in2DMode":false,"pivot":{"x":-36.6771240234375,"y":38.455814361572269,"z":-5.402593612670898},"rotation":{"x":0.14646828174591065,"y":-0.027879798784852029,"z":0.004855444189161062,"w":0.9900277256965637},"size":33.01214599609375,"orthographic":true}