{"cameraMode":{"drawMode":0,"name":"Shaded","section":"Shading Mode"},"sceneLighting":false,"audioPlay":false,"sceneViewState":{"showFog":true,"showMaterialUpdate":false,"showSkybox":false,"showFlares":true,"showImageEffects":true,"showParticleSystems":true,"showVisualEffectGraphs":true,"m_FxEnabled":true},"in2DMode":false,"pivot":{"x":10.911221504211426,"y":7.459373474121094,"z":8.572844505310059},"rotation":{"x":0.06532806903123856,"y":0.028435682877898217,"z":-0.001850812346674502,"w":0.9974841475486755},"size":7.963546276092529,"orthographic":false}